<?xml version="1.0" encoding="UTF-8"?>
<assembly xmlns="http://maven.apache.org/plugins/maven-assembly-plugin/assembly/1.1.3" 
    xmlns:xsi="http://www.w3.org/2001/XMLSchema-instance"
    xsi:schemaLocation="http://maven.apache.org/plugins/maven-assembly-plugin/assembly/1.1.3
                        http://maven.apache.org/xsd/assembly-1.1.3.xsd">
    <id>capsule-full</id>
    <formats>
        <format>jar</format>
    </formats>
    <baseDirectory>/</baseDirectory>
    <fileSets>
        <fileSet>
            <outputDirectory>/</outputDirectory>
            <directory>${project.build.outputDirectory}</directory>
            <includes>
                <include>${application.main.class.path}.class</include>
            </includes>
        </fileSet>
    </fileSets>
    <dependencySets>
        <dependencySet>
            <outputDirectory>/</outputDirectory>
            <includes>
                <include>co.paralleluniverse:capsule:jar</include>
            </includes>
            <unpack>true</unpack>
            <unpackOptions>
                <includes>
                    <include>Capsule.class</include>
                </includes>
            </unpackOptions>
            <scope>runtime</scope>
        </dependencySet>
        <dependencySet>
            <outputDirectory>/</outputDirectory>
            <excludes>
                <exclude>co.paralleluniverse:capsule:*</exclude>
            </excludes>
            <unpack>false</unpack>
            <scope>runtime</scope>
        </dependencySet>
    </dependencySets>
</assembly>